{"LeftKnee": {"CylnMaxMechLen": 462.5, "CylnChamberMaxLen": 152.4, "FrictionCoeff": 14.0058, "PistonArea_mm2": [387.096, 354.838], "SpringConst": 9.702, "CylnEqn": [88292.51541043818, 120966.90033002084, 7.30362882453131], "NeutralPos": 0}, "LeftAnkle": {"CylnMaxMechLen": 419.18, "CylnChamberMaxLen": 152.4, "FrictionCoeff": 14.0058, "PistonArea_mm2": [354.838, 387.096], "SpringConst": 9.702, "CylnEqn": [138563.83849117887, 93552.20418097962, 79.59443908884441], "NeutralPos": 0}, "RightKnee": {"CylnMaxMechLen": 462.5, "CylnChamberMaxLen": 152.4, "FrictionCoeff": 14.0058, "PistonArea_mm2": [387.096, 354.838], "SpringConst": 9.702, "CylnEqn": [107333.47383100812, -110389.8025295068, -167.68327919593622], "NeutralPos": 0}, "RightAnkle": {"CylnMaxMechLen": 419.18, "CylnChamberMaxLen": 152.4, "FrictionCoeff": 14.0058, "PistonArea_mm2": [354.838, 387.096], "SpringConst": 9.702, "CylnEqn": [137859.41015745013, 88811.15844789689, 78.86220464381296], "NeutralPos": 0}}