{
    "LeftKnee": {
        "CylnMaxMechLen": 462.5,
        "CylnChamberMaxLen": 152.4,
        "FrictionCoeff": 14.0058,
        "PistonArea_mm2": [
            387.096,
            354.838
        ],
        "SpringConst": 9.702,
        "CylnEqn": [
            103927.07803089388,
            95951.55693537506,
            9.375014923404983
        ],
        "NeutralPos": 0
    },
    "LeftAnkle": {
        "CylnMaxMechLen": 419.18,
        "CylnChamberMaxLen": 152.4,
        "FrictionCoeff": 14.0058,
        "PistonArea_mm2": [
            354.838,
            387.096
        ],
        "SpringConst": 9.702,
        "CylnEqn": [
            138563.83849117887,
            93552.20418097962,
            79.59443908884441
        ],
        "NeutralPos": 0
    },
    "RightKnee": {
        "CylnMaxMechLen": 462.5,
        "CylnChamberMaxLen": 152.4,
        "FrictionCoeff": 14.0058,
        "PistonArea_mm2": [
            387.096,
            354.838
        ],
        "SpringConst": 9.702,
        "CylnEqn": [
            126233.11912312983,
            -89348.374906387,
            -163.53286692551532
        ],
        "NeutralPos": 0
    },
    "RightAnkle": {
        "CylnMaxMechLen": 419.18,
        "CylnChamberMaxLen": 152.4,
        "FrictionCoeff": 14.0058,
        "PistonArea_mm2": [
            354.838,
            387.096
        ],
        "SpringConst": 9.702,
        "CylnEqn": [
            137859.41015745013,
            88811.15844789689,
            78.86220464381296
        ],
        "NeutralPos": 0
    }
}