{"LeftKnee": {"CylnMaxMechLen": 462.5, "CylnChamberMaxLen": 152.4, "FrictionCoeff": 14.0058, "PistonArea_mm2": [387.096, 354.838], "SpringConst": 9.702, "CylnEqn": [96798.45571304577, -96874.32006428397, -174.79837108195616], "NeutralPos": 0}, "LeftAnkle": {"CylnMaxMechLen": 419.18, "CylnChamberMaxLen": 152.4, "FrictionCoeff": 14.0058, "PistonArea_mm2": [354.838, 387.096], "SpringConst": 9.702, "CylnEqn": [105027.34441444202, 92887.49227528603, 55.11999780813262], "NeutralPos": 0}, "RightKnee": {"CylnMaxMechLen": 462.5, "CylnChamberMaxLen": 152.4, "FrictionCoeff": 14.0058, "PistonArea_mm2": [387.096, 354.838], "SpringConst": 9.702, "CylnEqn": [109193.6461799622, 93866.27185326788, 7.766327824424626], "NeutralPos": 0}, "RightAnkle": {"CylnMaxMechLen": 419.18, "CylnChamberMaxLen": 152.4, "FrictionCoeff": 14.0058, "PistonArea_mm2": [354.838, 387.096], "SpringConst": 9.702, "CylnEqn": [126730.03028475272, -89571.55463687683, -109.80256564421943], "NeutralPos": 0}}